name	type	units	low_cutoff	high_cutoff	sampling_frequency	status	status_description
B' 01	SEEG	µV	n/a	n/a	512.0	good	n/a
B' 02	SEEG	µV	n/a	n/a	512.0	good	n/a
B' 03	SEEG	µV	n/a	n/a	512.0	good	n/a
B' 04	SEEG	µV	n/a	n/a	512.0	good	n/a
B' 05	SEEG	µV	n/a	n/a	512.0	good	n/a
B' 11	SEEG	µV	n/a	n/a	512.0	good	n/a
B' 12	SEEG	µV	n/a	n/a	512.0	good	n/a
B' 13	SEEG	µV	n/a	n/a	512.0	good	n/a
B' 14	SEEG	µV	n/a	n/a	512.0	good	n/a
C' 01	SEEG	µV	n/a	n/a	512.0	good	n/a
C' 02	SEEG	µV	n/a	n/a	512.0	good	n/a
C' 03	SEEG	µV	n/a	n/a	512.0	good	n/a
C' 04	SEEG	µV	n/a	n/a	512.0	good	n/a
C' 05	SEEG	µV	n/a	n/a	512.0	good	n/a
C' 12	SEEG	µV	n/a	n/a	512.0	good	n/a
C' 13	SEEG	µV	n/a	n/a	512.0	good	n/a
C' 14	SEEG	µV	n/a	n/a	512.0	good	n/a
D' 01	SEEG	µV	n/a	n/a	512.0	good	n/a
D' 02	SEEG	µV	n/a	n/a	512.0	good	n/a
D' 03	SEEG	µV	n/a	n/a	512.0	good	n/a
D' 04	SEEG	µV	n/a	n/a	512.0	good	n/a
D' 05	SEEG	µV	n/a	n/a	512.0	good	n/a
D' 12	SEEG	µV	n/a	n/a	512.0	good	n/a
D' 13	SEEG	µV	n/a	n/a	512.0	good	n/a
D' 14	SEEG	µV	n/a	n/a	512.0	good	n/a
G' 01	SEEG	µV	n/a	n/a	512.0	good	n/a
G' 02	SEEG	µV	n/a	n/a	512.0	good	n/a
G' 03	SEEG	µV	n/a	n/a	512.0	good	n/a
G' 04	SEEG	µV	n/a	n/a	512.0	good	n/a
G' 05	SEEG	µV	n/a	n/a	512.0	good	n/a
G' 06	SEEG	µV	n/a	n/a	512.0	good	n/a
G' 07	SEEG	µV	n/a	n/a	512.0	good	n/a
G' 08	SEEG	µV	n/a	n/a	512.0	good	n/a
G' 09	SEEG	µV	n/a	n/a	512.0	good	n/a
G' 10	SEEG	µV	n/a	n/a	512.0	good	n/a
G' 11	SEEG	µV	n/a	n/a	512.0	good	n/a
J' 01	SEEG	µV	n/a	n/a	512.0	good	n/a
J' 02	SEEG	µV	n/a	n/a	512.0	good	n/a
J' 03	SEEG	µV	n/a	n/a	512.0	good	n/a
J' 04	SEEG	µV	n/a	n/a	512.0	good	n/a
J' 05	SEEG	µV	n/a	n/a	512.0	good	n/a
J' 06	SEEG	µV	n/a	n/a	512.0	good	n/a
J' 07	SEEG	µV	n/a	n/a	512.0	good	n/a
J' 08	SEEG	µV	n/a	n/a	512.0	good	n/a
J' 09	SEEG	µV	n/a	n/a	512.0	good	n/a
K' 01	SEEG	µV	n/a	n/a	512.0	good	n/a
K' 02	SEEG	µV	n/a	n/a	512.0	good	n/a
K' 03	SEEG	µV	n/a	n/a	512.0	good	n/a
K' 04	SEEG	µV	n/a	n/a	512.0	good	n/a
K' 05	SEEG	µV	n/a	n/a	512.0	good	n/a
K' 06	SEEG	µV	n/a	n/a	512.0	good	n/a
K' 07	SEEG	µV	n/a	n/a	512.0	good	n/a
K' 08	SEEG	µV	n/a	n/a	512.0	good	n/a
K' 09	SEEG	µV	n/a	n/a	512.0	good	n/a
K' 10	SEEG	µV	n/a	n/a	512.0	good	n/a
K' 11	SEEG	µV	n/a	n/a	512.0	good	n/a
M' 01	SEEG	µV	n/a	n/a	512.0	good	n/a
M' 02	SEEG	µV	n/a	n/a	512.0	good	n/a
M' 03	SEEG	µV	n/a	n/a	512.0	good	n/a
M' 04	SEEG	µV	n/a	n/a	512.0	good	n/a
M' 05	SEEG	µV	n/a	n/a	512.0	good	n/a
M' 06	SEEG	µV	n/a	n/a	512.0	good	n/a
M' 07	SEEG	µV	n/a	n/a	512.0	good	n/a
O' 01	SEEG	µV	n/a	n/a	512.0	good	n/a
O' 02	SEEG	µV	n/a	n/a	512.0	good	n/a
O' 03	SEEG	µV	n/a	n/a	512.0	good	n/a
O' 04	SEEG	µV	n/a	n/a	512.0	good	n/a
O' 05	SEEG	µV	n/a	n/a	512.0	good	n/a
O' 06	SEEG	µV	n/a	n/a	512.0	good	n/a
O' 07	SEEG	µV	n/a	n/a	512.0	good	n/a
O' 08	SEEG	µV	n/a	n/a	512.0	good	n/a
R' 01	SEEG	µV	n/a	n/a	512.0	good	n/a
R' 02	SEEG	µV	n/a	n/a	512.0	good	n/a
R' 03	SEEG	µV	n/a	n/a	512.0	good	n/a
R' 04	SEEG	µV	n/a	n/a	512.0	good	n/a
R' 12	SEEG	µV	n/a	n/a	512.0	good	n/a
R' 13	SEEG	µV	n/a	n/a	512.0	good	n/a
R' 14	SEEG	µV	n/a	n/a	512.0	good	n/a
R' 15	SEEG	µV	n/a	n/a	512.0	good	n/a
S' 01	SEEG	µV	n/a	n/a	512.0	good	n/a
S' 02	SEEG	µV	n/a	n/a	512.0	good	n/a
S' 03	SEEG	µV	n/a	n/a	512.0	good	n/a
S' 04	SEEG	µV	n/a	n/a	512.0	good	n/a
S' 07	SEEG	µV	n/a	n/a	512.0	good	n/a
S' 08	SEEG	µV	n/a	n/a	512.0	good	n/a
S' 09	SEEG	µV	n/a	n/a	512.0	good	n/a
S' 10	SEEG	µV	n/a	n/a	512.0	good	n/a
S' 11	SEEG	µV	n/a	n/a	512.0	good	n/a
T' 01	SEEG	µV	n/a	n/a	512.0	good	n/a
T' 02	SEEG	µV	n/a	n/a	512.0	good	n/a
T' 03	SEEG	µV	n/a	n/a	512.0	good	n/a
T' 04	SEEG	µV	n/a	n/a	512.0	good	n/a
T' 11	SEEG	µV	n/a	n/a	512.0	good	n/a
T' 12	SEEG	µV	n/a	n/a	512.0	good	n/a
T' 13	SEEG	µV	n/a	n/a	512.0	good	n/a
T' 14	SEEG	µV	n/a	n/a	512.0	good	n/a
T' 15	SEEG	µV	n/a	n/a	512.0	good	n/a
V' 01	SEEG	µV	n/a	n/a	512.0	good	n/a
V' 02	SEEG	µV	n/a	n/a	512.0	good	n/a
V' 03	SEEG	µV	n/a	n/a	512.0	good	n/a
V' 04	SEEG	µV	n/a	n/a	512.0	good	n/a
V' 08	SEEG	µV	n/a	n/a	512.0	good	n/a
V' 09	SEEG	µV	n/a	n/a	512.0	good	n/a
X' 01	SEEG	µV	n/a	n/a	512.0	good	n/a
X' 02	SEEG	µV	n/a	n/a	512.0	good	n/a
X' 03	SEEG	µV	n/a	n/a	512.0	good	n/a
X' 04	SEEG	µV	n/a	n/a	512.0	good	n/a
X' 05	SEEG	µV	n/a	n/a	512.0	good	n/a
X' 06	SEEG	µV	n/a	n/a	512.0	good	n/a
X' 07	SEEG	µV	n/a	n/a	512.0	good	n/a
