name	x	y	z	size	group
B' 01	n/a	n/a	n/a	n/a	B'
B' 02	n/a	n/a	n/a	n/a	B'
B' 03	n/a	n/a	n/a	n/a	B'
B' 04	n/a	n/a	n/a	n/a	B'
B' 05	n/a	n/a	n/a	n/a	B'
B' 11	n/a	n/a	n/a	n/a	B'
B' 12	n/a	n/a	n/a	n/a	B'
B' 13	n/a	n/a	n/a	n/a	B'
B' 14	n/a	n/a	n/a	n/a	B'
C' 01	n/a	n/a	n/a	n/a	C'
C' 02	n/a	n/a	n/a	n/a	C'
C' 03	n/a	n/a	n/a	n/a	C'
C' 04	n/a	n/a	n/a	n/a	C'
C' 05	n/a	n/a	n/a	n/a	C'
C' 12	n/a	n/a	n/a	n/a	C'
C' 13	n/a	n/a	n/a	n/a	C'
C' 14	n/a	n/a	n/a	n/a	C'
D' 01	n/a	n/a	n/a	n/a	D'
D' 02	n/a	n/a	n/a	n/a	D'
D' 03	n/a	n/a	n/a	n/a	D'
D' 04	n/a	n/a	n/a	n/a	D'
D' 05	n/a	n/a	n/a	n/a	D'
D' 12	n/a	n/a	n/a	n/a	D'
D' 13	n/a	n/a	n/a	n/a	D'
D' 14	n/a	n/a	n/a	n/a	D'
G' 01	n/a	n/a	n/a	n/a	G'
G' 02	n/a	n/a	n/a	n/a	G'
G' 03	n/a	n/a	n/a	n/a	G'
G' 04	n/a	n/a	n/a	n/a	G'
G' 05	n/a	n/a	n/a	n/a	G'
G' 06	n/a	n/a	n/a	n/a	G'
G' 07	n/a	n/a	n/a	n/a	G'
G' 08	n/a	n/a	n/a	n/a	G'
G' 09	n/a	n/a	n/a	n/a	G'
G' 10	n/a	n/a	n/a	n/a	G'
G' 11	n/a	n/a	n/a	n/a	G'
J' 01	n/a	n/a	n/a	n/a	J'
J' 02	n/a	n/a	n/a	n/a	J'
J' 03	n/a	n/a	n/a	n/a	J'
J' 04	n/a	n/a	n/a	n/a	J'
J' 05	n/a	n/a	n/a	n/a	J'
J' 06	n/a	n/a	n/a	n/a	J'
J' 07	n/a	n/a	n/a	n/a	J'
J' 08	n/a	n/a	n/a	n/a	J'
J' 09	n/a	n/a	n/a	n/a	J'
K' 01	n/a	n/a	n/a	n/a	K'
K' 02	n/a	n/a	n/a	n/a	K'
K' 03	n/a	n/a	n/a	n/a	K'
K' 04	n/a	n/a	n/a	n/a	K'
K' 05	n/a	n/a	n/a	n/a	K'
K' 06	n/a	n/a	n/a	n/a	K'
K' 07	n/a	n/a	n/a	n/a	K'
K' 08	n/a	n/a	n/a	n/a	K'
K' 09	n/a	n/a	n/a	n/a	K'
K' 10	n/a	n/a	n/a	n/a	K'
K' 11	n/a	n/a	n/a	n/a	K'
M' 01	n/a	n/a	n/a	n/a	M'
M' 02	n/a	n/a	n/a	n/a	M'
M' 03	n/a	n/a	n/a	n/a	M'
M' 04	n/a	n/a	n/a	n/a	M'
M' 05	n/a	n/a	n/a	n/a	M'
M' 06	n/a	n/a	n/a	n/a	M'
M' 07	n/a	n/a	n/a	n/a	M'
O' 01	n/a	n/a	n/a	n/a	O'
O' 02	n/a	n/a	n/a	n/a	O'
O' 03	n/a	n/a	n/a	n/a	O'
O' 04	n/a	n/a	n/a	n/a	O'
O' 05	n/a	n/a	n/a	n/a	O'
O' 06	n/a	n/a	n/a	n/a	O'
O' 07	n/a	n/a	n/a	n/a	O'
O' 08	n/a	n/a	n/a	n/a	O'
R' 01	n/a	n/a	n/a	n/a	R'
R' 02	n/a	n/a	n/a	n/a	R'
R' 03	n/a	n/a	n/a	n/a	R'
R' 04	n/a	n/a	n/a	n/a	R'
R' 12	n/a	n/a	n/a	n/a	R'
R' 13	n/a	n/a	n/a	n/a	R'
R' 14	n/a	n/a	n/a	n/a	R'
R' 15	n/a	n/a	n/a	n/a	R'
S' 01	n/a	n/a	n/a	n/a	S'
S' 02	n/a	n/a	n/a	n/a	S'
S' 03	n/a	n/a	n/a	n/a	S'
S' 04	n/a	n/a	n/a	n/a	S'
S' 07	n/a	n/a	n/a	n/a	S'
S' 08	n/a	n/a	n/a	n/a	S'
S' 09	n/a	n/a	n/a	n/a	S'
S' 10	n/a	n/a	n/a	n/a	S'
S' 11	n/a	n/a	n/a	n/a	S'
T' 01	n/a	n/a	n/a	n/a	T'
T' 02	n/a	n/a	n/a	n/a	T'
T' 03	n/a	n/a	n/a	n/a	T'
T' 04	n/a	n/a	n/a	n/a	T'
T' 11	n/a	n/a	n/a	n/a	T'
T' 12	n/a	n/a	n/a	n/a	T'
T' 13	n/a	n/a	n/a	n/a	T'
T' 14	n/a	n/a	n/a	n/a	T'
T' 15	n/a	n/a	n/a	n/a	T'
V' 01	n/a	n/a	n/a	n/a	V'
V' 02	n/a	n/a	n/a	n/a	V'
V' 03	n/a	n/a	n/a	n/a	V'
V' 04	n/a	n/a	n/a	n/a	V'
V' 08	n/a	n/a	n/a	n/a	V'
V' 09	n/a	n/a	n/a	n/a	V'
X' 01	n/a	n/a	n/a	n/a	X'
X' 02	n/a	n/a	n/a	n/a	X'
X' 03	n/a	n/a	n/a	n/a	X'
X' 04	n/a	n/a	n/a	n/a	X'
X' 05	n/a	n/a	n/a	n/a	X'
X' 06	n/a	n/a	n/a	n/a	X'
X' 07	n/a	n/a	n/a	n/a	X'
