onset	duration	sample	trial_type	source_variable	source_value	marker_number
9.99609375	0	5118	stimulus_marker	mark_learning	5119	1
20.3984375	0	10444	stimulus_marker	mark_learning	10445	2
23.533203125	0	12049	stimulus_marker	mark_learning	12050	3
26.005859375	0	13315	stimulus_marker	mark_learning	13316	4
29.1328125	0	14916	stimulus_marker	mark_learning	14917	5
32.19921875	0	16486	stimulus_marker	mark_learning	16487	6
35.333984375	0	18091	stimulus_marker	mark_learning	18092	7
38.673828125	0	19801	stimulus_marker	mark_learning	19802	8
41.806640625	0	21405	stimulus_marker	mark_learning	21406	9
45.259765625	0	23173	stimulus_marker	mark_learning	23174	10
48.40234375	0	24782	stimulus_marker	mark_learning	24783	11
54.669921875	0	27991	stimulus_marker	mark_learning	27992	12
57.802734375	0	29595	stimulus_marker	mark_learning	29596	13
67.73828125	0	34682	stimulus_marker	mark_learning	34683	14
70.87109375	0	36286	stimulus_marker	mark_learning	36287	15
78.716796875	0	40303	stimulus_marker	mark_learning	40304	16
81.849609375	0	41907	stimulus_marker	mark_learning	41908	17
85.15625	0	43600	stimulus_marker	mark_learning	43601	18
88.318359375	0	45219	stimulus_marker	mark_learning	45220	19
91.140625	0	46664	stimulus_marker	mark_learning	46665	20
94.2734375	0	48268	stimulus_marker	mark_learning	48269	21
98.009765625	0	50181	stimulus_marker	mark_learning	50182	22
101.142578125	0	51785	stimulus_marker	mark_learning	51786	23
103.353515625	0	52917	stimulus_marker	mark_learning	52918	24
106.4765625	0	54516	stimulus_marker	mark_learning	54517	25
111.078125	0	56872	stimulus_marker	mark_learning	56873	26
114.208984375	0	58475	stimulus_marker	mark_learning	58476	27
118.642578125	0	60745	stimulus_marker	mark_learning	60746	28
121.77734375	0	62350	stimulus_marker	mark_learning	62351	29
125.443359375	0	64227	stimulus_marker	mark_learning	64228	30
128.578125	0	65832	stimulus_marker	mark_learning	65833	31
134.154296875	0	68687	stimulus_marker	mark_learning	68688	32
137.279296875	0	70287	stimulus_marker	mark_learning	70288	33
142.3125	0	72864	stimulus_marker	mark_learning	72865	34
145.447265625	0	74469	stimulus_marker	mark_learning	74470	35
148.060546875	0	75807	stimulus_marker	mark_learning	75808	36
151.197265625	0	77413	stimulus_marker	mark_learning	77414	37
153.59765625	0	78642	stimulus_marker	mark_learning	78643	38
156.73046875	0	80246	stimulus_marker	mark_learning	80247	39
159.802734375	0	81819	stimulus_marker	mark_learning	81820	40
162.931640625	0	83421	stimulus_marker	mark_learning	83422	41
165.10546875	0	84534	stimulus_marker	mark_learning	84535	42
168.232421875	0	86135	stimulus_marker	mark_learning	86136	43
170.69921875	0	87398	stimulus_marker	mark_learning	87399	44
173.833984375	0	89003	stimulus_marker	mark_learning	89004	45
176.033203125	0	90129	stimulus_marker	mark_learning	90130	46
179.16796875	0	91734	stimulus_marker	mark_learning	91735	47
180.939453125	0	92641	stimulus_marker	mark_learning	92642	48
184.068359375	0	94243	stimulus_marker	mark_learning	94244	49
186.466796875	0	95471	stimulus_marker	mark_learning	95472	50
189.6015625	0	97076	stimulus_marker	mark_learning	97077	51
193.03515625	0	98834	stimulus_marker	mark_learning	98835	52
196.16796875	0	100438	stimulus_marker	mark_learning	100439	53
200.51953125	0	102666	stimulus_marker	mark_learning	102667	54
203.65234375	0	104270	stimulus_marker	mark_learning	104271	55
205.953125	0	105448	stimulus_marker	mark_learning	105449	56
209.087890625	0	107053	stimulus_marker	mark_learning	107054	57
212.1640625	0	108628	stimulus_marker	mark_learning	108629	58
215.287109375	0	110227	stimulus_marker	mark_learning	110228	59
217.333984375	0	111275	stimulus_marker	mark_learning	111276	60
220.47265625	0	112882	stimulus_marker	mark_learning	112883	61
224.404296875	0	114895	stimulus_marker	mark_learning	114896	62
227.5390625	0	116500	stimulus_marker	mark_learning	116501	63
229.41015625	0	117458	stimulus_marker	mark_learning	117459	64
232.5390625	0	119060	stimulus_marker	mark_learning	119061	65
234.373046875	0	119999	stimulus_marker	mark_learning	120000	66
237.505859375	0	121603	stimulus_marker	mark_learning	121604	67
239.28515625	0	122514	stimulus_marker	mark_learning	122515	68
242.408203125	0	124113	stimulus_marker	mark_learning	124114	69
244.0546875	0	124956	stimulus_marker	mark_learning	124957	70
247.19140625	0	126562	stimulus_marker	mark_learning	126563	71
249.0234375	0	127500	stimulus_marker	mark_learning	127501	72
252.158203125	0	129105	stimulus_marker	mark_learning	129106	73
254.33203125	0	130218	stimulus_marker	mark_learning	130219	74
257.458984375	0	131819	stimulus_marker	mark_learning	131820	75
259.826171875	0	133031	stimulus_marker	mark_learning	133032	76
262.958984375	0	134635	stimulus_marker	mark_learning	134636	77
264.7109375	0	135532	stimulus_marker	mark_learning	135533	78
267.84375	0	137136	stimulus_marker	mark_learning	137137	79
269.71484375	0	138094	stimulus_marker	mark_learning	138095	80
272.84375	0	139696	stimulus_marker	mark_learning	139697	81
274.4765625	0	140532	stimulus_marker	mark_learning	140533	82
277.611328125	0	142137	stimulus_marker	mark_learning	142138	83
279.51171875	0	143110	stimulus_marker	mark_learning	143111	84
282.646484375	0	144715	stimulus_marker	mark_learning	144716	85
285.03125	0	145936	stimulus_marker	mark_learning	145937	86
288.162109375	0	147539	stimulus_marker	mark_learning	147540	87
290.162109375	0	148563	stimulus_marker	mark_learning	148564	88
293.296875	0	150168	stimulus_marker	mark_learning	150169	89
295.33984375	0	151214	stimulus_marker	mark_learning	151215	90
298.462890625	0	152813	stimulus_marker	mark_learning	152814	91
300.896484375	0	154059	stimulus_marker	mark_learning	154060	92
304.03125	0	155664	stimulus_marker	mark_learning	155665	93
307.23046875	0	157302	stimulus_marker	mark_learning	157303	94
310.365234375	0	158907	stimulus_marker	mark_learning	158908	95
312.28515625	0	159890	stimulus_marker	mark_learning	159891	96
315.416015625	0	161493	stimulus_marker	mark_learning	161494	97
317.892578125	0	162761	stimulus_marker	mark_learning	162762	98
321.015625	0	164360	stimulus_marker	mark_learning	164361	99
322.689453125	0	165217	stimulus_marker	mark_learning	165218	100
330.119140625	0	169021	stimulus_marker	mark_learning	169022	101
337.017578125	0	172553	stimulus_marker	mark_learning	172554	102
340.15234375	0	174158	stimulus_marker	mark_learning	174159	103
343.251953125	0	175745	stimulus_marker	mark_learning	175746	104
346.384765625	0	177349	stimulus_marker	mark_learning	177350	105
377.07421875	0	193062	stimulus_marker	mark_learning	193063	106
380.20703125	0	194666	stimulus_marker	mark_learning	194667	107
382.138671875	0	195655	stimulus_marker	mark_learning	195656	108
385.2734375	0	197260	stimulus_marker	mark_learning	197261	109
387.53515625	0	198418	stimulus_marker	mark_learning	198419	110
390.673828125	0	200025	stimulus_marker	mark_learning	200026	111
393.27734375	0	201358	stimulus_marker	mark_learning	201359	112
396.408203125	0	202961	stimulus_marker	mark_learning	202962	113
398.197265625	0	203877	stimulus_marker	mark_learning	203878	114
401.341796875	0	205487	stimulus_marker	mark_learning	205488	115
403.376953125	0	206529	stimulus_marker	mark_learning	206530	116
406.509765625	0	208133	stimulus_marker	mark_learning	208134	117
408.28125	0	209040	stimulus_marker	mark_learning	209041	118
411.41015625	0	210642	stimulus_marker	mark_learning	210643	119
413.11328125	0	211514	stimulus_marker	mark_learning	211515	120
416.244140625	0	213117	stimulus_marker	mark_learning	213118	121
418.015625	0	214024	stimulus_marker	mark_learning	214025	122
421.14453125	0	215626	stimulus_marker	mark_learning	215627	123
425.14453125	0	217674	stimulus_marker	mark_learning	217675	124
428.27734375	0	219278	stimulus_marker	mark_learning	219279	125
430.478515625	0	220405	stimulus_marker	mark_learning	220406	126
433.611328125	0	222009	stimulus_marker	mark_learning	222010	127
436.828125	0	223656	stimulus_marker	mark_learning	223657	128
439.962890625	0	225261	stimulus_marker	mark_learning	225262	129
443.072265625	0	226853	stimulus_marker	mark_learning	226854	130
446.197265625	0	228453	stimulus_marker	mark_learning	228454	131
449.8984375	0	230348	stimulus_marker	mark_learning	230349	132
453.03125	0	231952	stimulus_marker	mark_learning	231953	133
454.796875	0	232856	stimulus_marker	mark_learning	232857	134
457.931640625	0	234461	stimulus_marker	mark_learning	234462	135
459.69921875	0	235366	stimulus_marker	mark_learning	235367	136
462.83203125	0	236970	stimulus_marker	mark_learning	236971	137
464.83984375	0	237998	stimulus_marker	mark_learning	237999	138
467.966796875	0	239599	stimulus_marker	mark_learning	239600	139
470.365234375	0	240827	stimulus_marker	mark_learning	240828	140
473.498046875	0	242431	stimulus_marker	mark_learning	242432	141
476.21875	0	243824	stimulus_marker	mark_learning	243825	142
479.3515625	0	245428	stimulus_marker	mark_learning	245429	143
481.765625	0	246664	stimulus_marker	mark_learning	246665	144
484.900390625	0	248269	stimulus_marker	mark_learning	248270	145
486.98046875	0	249334	stimulus_marker	mark_learning	249335	146
490.1015625	0	250932	stimulus_marker	mark_learning	250933	147
492.837890625	0	252333	stimulus_marker	mark_learning	252334	148
495.96875	0	253936	stimulus_marker	mark_learning	253937	149
497.935546875	0	254943	stimulus_marker	mark_learning	254944	150
501.0703125	0	256548	stimulus_marker	mark_learning	256549	151
504.978515625	0	258549	stimulus_marker	mark_learning	258550	152
508.103515625	0	260149	stimulus_marker	mark_learning	260150	153
510.72265625	0	261490	stimulus_marker	mark_learning	261491	154
513.853515625	0	263093	stimulus_marker	mark_learning	263094	155
515.76953125	0	264074	stimulus_marker	mark_learning	264075	156
518.904296875	0	265679	stimulus_marker	mark_learning	265680	157
521.515625	0	267016	stimulus_marker	mark_learning	267017	158
524.638671875	0	268615	stimulus_marker	mark_learning	268616	159
526.47265625	0	269554	stimulus_marker	mark_learning	269555	160
529.60546875	0	271158	stimulus_marker	mark_learning	271159	161
533.572265625	0	273189	stimulus_marker	mark_learning	273190	162
536.70703125	0	274794	stimulus_marker	mark_learning	274795	163
539.05859375	0	275998	stimulus_marker	mark_learning	275999	164
542.19140625	0	277602	stimulus_marker	mark_learning	277603	165
544.423828125	0	278745	stimulus_marker	mark_learning	278746	166
547.55859375	0	280350	stimulus_marker	mark_learning	280351	167
550.296875	0	281752	stimulus_marker	mark_learning	281753	168
553.42578125	0	283354	stimulus_marker	mark_learning	283355	169
555.5625	0	284448	stimulus_marker	mark_learning	284449	170
558.693359375	0	286051	stimulus_marker	mark_learning	286052	171
560.55859375	0	287006	stimulus_marker	mark_learning	287007	172
563.693359375	0	288611	stimulus_marker	mark_learning	288612	173
566.240234375	0	289915	stimulus_marker	mark_learning	289916	174
569.376953125	0	291521	stimulus_marker	mark_learning	291522	175
572.330078125	0	293033	stimulus_marker	mark_learning	293034	176
575.4609375	0	294636	stimulus_marker	mark_learning	294637	177
577.703125	0	295784	stimulus_marker	mark_learning	295785	178
580.828125	0	297384	stimulus_marker	mark_learning	297385	179
583.12890625	0	298562	stimulus_marker	mark_learning	298563	180
586.26171875	0	300166	stimulus_marker	mark_learning	300167	181
588.228515625	0	301173	stimulus_marker	mark_learning	301174	182
591.36328125	0	302778	stimulus_marker	mark_learning	302779	183
593.9140625	0	304084	stimulus_marker	mark_learning	304085	184
597.046875	0	305688	stimulus_marker	mark_learning	305689	185
600.513671875	0	307463	stimulus_marker	mark_learning	307464	186
603.6484375	0	309068	stimulus_marker	mark_learning	309069	187
612.796875	0	313752	stimulus_marker	mark_learning	313753	188
615.931640625	0	315357	stimulus_marker	mark_learning	315358	189
621.30859375	0	318110	stimulus_marker	mark_learning	318111	190
624.43359375	0	319710	stimulus_marker	mark_learning	319711	191
629.66015625	0	322386	stimulus_marker	mark_learning	322387	192
632.80078125	0	323994	stimulus_marker	mark_learning	323995	193
635.900390625	0	325581	stimulus_marker	mark_learning	325582	194
639.03515625	0	327186	stimulus_marker	mark_learning	327187	195
642.685546875	0	329055	stimulus_marker	mark_learning	329056	196
645.818359375	0	330659	stimulus_marker	mark_learning	330660	197
648.451171875	0	332007	stimulus_marker	mark_learning	332008	198
651.5859375	0	333612	stimulus_marker	mark_learning	333613	199
654.552734375	0	335131	stimulus_marker	mark_learning	335132	200
659.2890625	0	337556	stimulus_marker	mark_learning	337557	201
661.095703125	0	338481	stimulus_marker	mark_learning	338482	202
664.220703125	0	340081	stimulus_marker	mark_learning	340082	203
666.75390625	0	341378	stimulus_marker	mark_learning	341379	204
669.888671875	0	342983	stimulus_marker	mark_learning	342984	205
672.087890625	0	344109	stimulus_marker	mark_learning	344110	206
675.22265625	0	345714	stimulus_marker	mark_learning	345715	207
679.03515625	0	347666	stimulus_marker	mark_learning	347667	208
682.15625	0	349264	stimulus_marker	mark_learning	349265	209
685.40234375	0	350926	stimulus_marker	mark_learning	350927	210
688.5234375	0	352524	stimulus_marker	mark_learning	352525	211
691.328125	0	353960	stimulus_marker	mark_learning	353961	212
694.458984375	0	355563	stimulus_marker	mark_learning	355564	213
698.826171875	0	357799	stimulus_marker	mark_learning	357800	214
701.958984375	0	359403	stimulus_marker	mark_learning	359404	215
704.025390625	0	360461	stimulus_marker	mark_learning	360462	216
707.16015625	0	362066	stimulus_marker	mark_learning	362067	217
710.978515625	0	364021	stimulus_marker	mark_learning	364022	218
714.109375	0	365624	stimulus_marker	mark_learning	365625	219
716.310546875	0	366751	stimulus_marker	mark_learning	366752	220
719.4453125	0	368356	stimulus_marker	mark_learning	368357	221
724.509765625	0	370949	stimulus_marker	mark_learning	370950	222
727.64453125	0	372554	stimulus_marker	mark_learning	372555	223
741.912109375	0	379859	stimulus_marker	mark_learning	379860	224
745.046875	0	381464	stimulus_marker	mark_learning	381465	225
748.546875	0	383256	stimulus_marker	mark_learning	383257	226
751.681640625	0	384861	stimulus_marker	mark_learning	384862	227
754.1796875	0	386140	stimulus_marker	mark_learning	386141	228
757.314453125	0	387745	stimulus_marker	mark_learning	387746	229
760.115234375	0	389179	stimulus_marker	mark_learning	389180	230
763.248046875	0	390783	stimulus_marker	mark_learning	390784	231
765.767578125	0	392073	stimulus_marker	mark_learning	392074	232
768.8984375	0	393676	stimulus_marker	mark_learning	393677	233
771.107421875	0	394807	stimulus_marker	mark_learning	394808	234
774.232421875	0	396407	stimulus_marker	mark_learning	396408	235
776.802734375	0	397723	stimulus_marker	mark_learning	397724	236
779.935546875	0	399327	stimulus_marker	mark_learning	399328	237
782.0	0	400384	stimulus_marker	mark_learning	400385	238
785.134765625	0	401989	stimulus_marker	mark_learning	401990	239
787.919921875	0	403415	stimulus_marker	mark_learning	403416	240
791.052734375	0	405019	stimulus_marker	mark_learning	405020	241
794.619140625	0	406845	stimulus_marker	mark_learning	406846	242
797.751953125	0	408449	stimulus_marker	mark_learning	408450	243
800.357421875	0	409783	stimulus_marker	mark_learning	409784	244
803.486328125	0	411385	stimulus_marker	mark_learning	411386	245
805.75390625	0	412546	stimulus_marker	mark_learning	412547	246
808.88671875	0	414150	stimulus_marker	mark_learning	414151	247
811.70703125	0	415594	stimulus_marker	mark_learning	415595	248
814.830078125	0	417193	stimulus_marker	mark_learning	417194	249
817.177734375	0	418395	stimulus_marker	mark_learning	418396	250
820.314453125	0	420001	stimulus_marker	mark_learning	420002	251
824.251953125	0	422017	stimulus_marker	mark_learning	422018	252
827.3828125	0	423620	stimulus_marker	mark_learning	423621	253
831.98828125	0	425978	stimulus_marker	mark_learning	425979	254
835.115234375	0	427579	stimulus_marker	mark_learning	427580	255
838.1875	0	429152	stimulus_marker	mark_learning	429153	256
841.314453125	0	430753	stimulus_marker	mark_learning	430754	257
843.619140625	0	431933	stimulus_marker	mark_learning	431934	258
846.740234375	0	433531	stimulus_marker	mark_learning	433532	259
850.17578125	0	435290	stimulus_marker	mark_learning	435291	260
853.318359375	0	436899	stimulus_marker	mark_learning	436900	261
856.16015625	0	438354	stimulus_marker	mark_learning	438355	262
859.28515625	0	439954	stimulus_marker	mark_learning	439955	263
861.45703125	0	441066	stimulus_marker	mark_learning	441067	264
864.5859375	0	442668	stimulus_marker	mark_learning	442669	265
866.45703125	0	443626	stimulus_marker	mark_learning	443627	266
869.587890625	0	445229	stimulus_marker	mark_learning	445230	267
871.25390625	0	446082	stimulus_marker	mark_learning	446083	268
874.38671875	0	447686	stimulus_marker	mark_learning	447687	269
877.494140625	0	449277	stimulus_marker	mark_learning	449278	270
880.611328125	0	450873	stimulus_marker	mark_learning	450874	271
882.423828125	0	451801	stimulus_marker	mark_learning	451802	272
885.5546875	0	453404	stimulus_marker	mark_learning	453405	273
887.923828125	0	454617	stimulus_marker	mark_learning	454618	274
891.056640625	0	456221	stimulus_marker	mark_learning	456222	275
894.595703125	0	458033	stimulus_marker	mark_learning	458034	276
897.728515625	0	459637	stimulus_marker	mark_learning	459638	277
899.4375	0	460512	stimulus_marker	mark_learning	460513	278
902.57421875	0	462118	stimulus_marker	mark_learning	462119	279
904.578125	0	463144	stimulus_marker	mark_learning	463145	280
907.697265625	0	464741	stimulus_marker	mark_learning	464742	281
911.912109375	0	466899	stimulus_marker	mark_learning	466900	282
915.8203125	0	468900	stimulus_marker	mark_learning	468901	283
918.998046875	0	470527	stimulus_marker	mark_learning	470528	284
922.126953125	0	472129	stimulus_marker	mark_learning	472130	285
924.67578125	0	473434	stimulus_marker	mark_learning	473435	286
927.810546875	0	475039	stimulus_marker	mark_learning	475040	287
932.54296875	0	477462	stimulus_marker	mark_learning	477463	288
935.677734375	0	479067	stimulus_marker	mark_learning	479068	289
942.79296875	0	482710	stimulus_marker	mark_learning	482711	290
945.927734375	0	484315	stimulus_marker	mark_learning	484316	291
947.900390625	0	485325	stimulus_marker	mark_learning	485326	292
951.029296875	0	486927	stimulus_marker	mark_learning	486928	293
956.1328125	0	489540	stimulus_marker	mark_learning	489541	294
959.263671875	0	491143	stimulus_marker	mark_learning	491144	295
963.98046875	0	493558	stimulus_marker	mark_learning	493559	296
967.11328125	0	495162	stimulus_marker	mark_learning	495163	297
969.205078125	0	496233	stimulus_marker	mark_learning	496234	298
972.337890625	0	497837	stimulus_marker	mark_learning	497838	299
975.287109375	0	499347	stimulus_marker	mark_learning	499348	300
978.416015625	0	500949	stimulus_marker	mark_learning	500950	301
982.21875	0	502896	stimulus_marker	mark_learning	502897	302
985.349609375	0	504499	stimulus_marker	mark_learning	504500	303
987.783203125	0	505745	stimulus_marker	mark_learning	505746	304
990.916015625	0	507349	stimulus_marker	mark_learning	507350	305
994.208984375	0	509035	stimulus_marker	mark_learning	509036	306
997.3515625	0	510644	stimulus_marker	mark_learning	510645	307
999.541015625	0	511765	stimulus_marker	mark_learning	511766	308
1002.685546875	0	513375	stimulus_marker	mark_learning	513376	309
1004.689453125	0	514401	stimulus_marker	mark_learning	514402	310
1007.818359375	0	516003	stimulus_marker	mark_learning	516004	311
1010.44921875	0	517350	stimulus_marker	mark_learning	517351	312
1013.5859375	0	518956	stimulus_marker	mark_learning	518957	313
1016.025390625	0	520205	stimulus_marker	mark_learning	520206	314
1019.154296875	0	521807	stimulus_marker	mark_learning	521808	315
1021.658203125	0	523089	stimulus_marker	mark_learning	523090	316
1024.78515625	0	524690	stimulus_marker	mark_learning	524691	317
1026.892578125	0	525769	stimulus_marker	mark_learning	525770	318
1030.021484375	0	527371	stimulus_marker	mark_learning	527372	319
1032.505859375	0	528643	stimulus_marker	mark_learning	528644	320
1035.638671875	0	530247	stimulus_marker	mark_learning	530248	321
1039.728515625	0	532341	stimulus_marker	mark_learning	532342	322
1042.873046875	0	533951	stimulus_marker	mark_learning	533952	323
1047.40625	0	536272	stimulus_marker	mark_learning	536273	324
1050.5390625	0	537876	stimulus_marker	mark_learning	537877	325
1053.177734375	0	539227	stimulus_marker	mark_learning	539228	326
1056.30859375	0	540830	stimulus_marker	mark_learning	540831	327
1061.474609375	0	543475	stimulus_marker	mark_learning	543476	328
1064.525390625	0	545037	stimulus_marker	mark_learning	545038	329
1080.326171875	0	553127	stimulus_marker	mark_learning	553128	330
1083.4609375	0	554732	stimulus_marker	mark_learning	554733	331
1087.873046875	0	556991	stimulus_marker	mark_learning	556992	332
1090.994140625	0	558589	stimulus_marker	mark_learning	558590	333
1094.767578125	0	560521	stimulus_marker	mark_learning	560522	334
1097.89453125	0	562122	stimulus_marker	mark_learning	562123	335
1099.8984375	0	563148	stimulus_marker	mark_learning	563149	336
1103.029296875	0	564751	stimulus_marker	mark_learning	564752	337
1105.5390625	0	566036	stimulus_marker	mark_learning	566037	338
1108.6640625	0	567636	stimulus_marker	mark_learning	567637	339
1110.94921875	0	568806	stimulus_marker	mark_learning	568807	340
1114.0703125	0	570404	stimulus_marker	mark_learning	570405	341
1116.251953125	0	571521	stimulus_marker	mark_learning	571522	342
1119.380859375	0	573123	stimulus_marker	mark_learning	573124	343
1122.228515625	0	574581	stimulus_marker	mark_learning	574582	344
1125.365234375	0	576187	stimulus_marker	mark_learning	576188	345
1134.80078125	0	581018	stimulus_marker	mark_learning	581019	346
1137.93359375	0	582622	stimulus_marker	mark_learning	582623	347
1141.904296875	0	584655	stimulus_marker	mark_learning	584656	348
1145.033203125	0	586257	stimulus_marker	mark_learning	586258	349
1149.09765625	0	588338	stimulus_marker	mark_learning	588339	350
1152.234375	0	589944	stimulus_marker	mark_learning	589945	351
1154.138671875	0	590919	stimulus_marker	mark_learning	590920	352
1157.26953125	0	592522	stimulus_marker	mark_learning	592523	353
1166.302734375	0	597147	stimulus_marker	mark_learning	597148	354
1169.4375	0	598752	stimulus_marker	mark_learning	598753	355
1174.7109375	0	601452	stimulus_marker	mark_learning	601453	356
1177.8359375	0	603052	stimulus_marker	mark_learning	603053	357
1182.107421875	0	605239	stimulus_marker	mark_learning	605240	358
1185.982421875	0	607223	stimulus_marker	mark_learning	607224	359
1189.5625	0	609056	stimulus_marker	mark_learning	609057	360
1192.70703125	0	610666	stimulus_marker	mark_learning	610667	361
1201.580078125	0	615209	stimulus_marker	mark_learning	615210	362
1204.70703125	0	616810	stimulus_marker	mark_learning	616811	363
1212.126953125	0	620609	stimulus_marker	mark_learning	620610	364
1215.259765625	0	622213	stimulus_marker	mark_learning	622214	365
1219.828125	0	624552	stimulus_marker	mark_learning	624553	366
1222.9609375	0	626156	stimulus_marker	mark_learning	626157	367
1226.294921875	0	627863	stimulus_marker	mark_learning	627864	368
1229.427734375	0	629467	stimulus_marker	mark_learning	629468	369
1231.4375	0	630496	stimulus_marker	mark_learning	630497	370
1234.5625	0	632096	stimulus_marker	mark_learning	632097	371
1240.771484375	0	635275	stimulus_marker	mark_learning	635276	372
1243.89453125	0	636874	stimulus_marker	mark_learning	636875	373
1247.734375	0	638840	stimulus_marker	mark_learning	638841	374
1250.86328125	0	640442	stimulus_marker	mark_learning	640443	375
1253.404296875	0	641743	stimulus_marker	mark_learning	641744	376
1256.529296875	0	643343	stimulus_marker	mark_learning	643344	377
1258.189453125	0	644193	stimulus_marker	mark_learning	644194	378
1261.330078125	0	645801	stimulus_marker	mark_learning	645802	379
1264.865234375	0	647611	stimulus_marker	mark_learning	647612	380
1267.998046875	0	649215	stimulus_marker	mark_learning	649216	381
1271.080078125	0	650793	stimulus_marker	mark_learning	650794	382
1274.216796875	0	652399	stimulus_marker	mark_learning	652400	383
1275.75390625	0	653186	stimulus_marker	mark_learning	653187	384
1278.8828125	0	654788	stimulus_marker	mark_learning	654789	385
1281.8671875	0	656316	stimulus_marker	mark_learning	656317	386
1285.0	0	657920	stimulus_marker	mark_learning	657921	387
1287.580078125	0	659241	stimulus_marker	mark_learning	659242	388
1290.716796875	0	660847	stimulus_marker	mark_learning	660848	389
1292.53515625	0	661778	stimulus_marker	mark_learning	661779	390
1295.66796875	0	663382	stimulus_marker	mark_learning	663383	391
1298.71484375	0	664942	stimulus_marker	mark_learning	664943	392
1301.8515625	0	666548	stimulus_marker	mark_learning	666549	393
1304.2890625	0	667796	stimulus_marker	mark_learning	667797	394
1307.419921875	0	669399	stimulus_marker	mark_learning	669400	395
1312.193359375	0	671843	stimulus_marker	mark_learning	671844	396
1315.310546875	0	673439	stimulus_marker	mark_learning	673440	397
1318.5234375	0	675084	stimulus_marker	mark_learning	675085	398
1321.654296875	0	676687	stimulus_marker	mark_learning	676688	399
1324.962890625	0	678381	stimulus_marker	mark_learning	678382	400
1328.087890625	0	679981	stimulus_marker	mark_learning	679982	401
1330.59765625	0	681266	stimulus_marker	mark_learning	681267	402
1333.72265625	0	682866	stimulus_marker	mark_learning	682867	403
1335.638671875	0	683847	stimulus_marker	mark_learning	683848	404
1338.771484375	0	685451	stimulus_marker	mark_learning	685452	405
1344.296875	0	688280	stimulus_marker	mark_learning	688281	406
1347.439453125	0	689889	stimulus_marker	mark_learning	689890	407
1351.673828125	0	692057	stimulus_marker	mark_learning	692058	408
1354.80859375	0	693662	stimulus_marker	mark_learning	693663	409
1364.74609375	0	698750	stimulus_marker	mark_learning	698751	410
1367.875	0	700352	stimulus_marker	mark_learning	700353	411
1370.22265625	0	701554	stimulus_marker	mark_learning	701555	412
1373.359375	0	703160	stimulus_marker	mark_learning	703161	413
1376.728515625	0	704885	stimulus_marker	mark_learning	704886	414
1379.861328125	0	706489	stimulus_marker	mark_learning	706490	415
1382.228515625	0	707701	stimulus_marker	mark_learning	707702	416
1385.361328125	0	709305	stimulus_marker	mark_learning	709306	417
1387.298828125	0	710297	stimulus_marker	mark_learning	710298	418
1390.427734375	0	711899	stimulus_marker	mark_learning	711900	419
1393.166015625	0	713301	stimulus_marker	mark_learning	713302	420
1397.525390625	0	715533	stimulus_marker	mark_learning	715534	421
1411.62109375	0	722750	stimulus_marker	mark_learning	722751	422
1414.763671875	0	724359	stimulus_marker	mark_learning	724360	423
1416.64453125	0	725322	stimulus_marker	mark_learning	725323	424
1419.783203125	0	726929	stimulus_marker	mark_learning	726930	425
1421.625	0	727872	stimulus_marker	mark_learning	727873	426
1424.74609375	0	729470	stimulus_marker	mark_learning	729471	427
1427.81640625	0	731042	stimulus_marker	mark_learning	731043	428
1430.94921875	0	732646	stimulus_marker	mark_learning	732647	429
1432.794921875	0	733591	stimulus_marker	mark_learning	733592	430
1435.91796875	0	735190	stimulus_marker	mark_learning	735191	431
1439.40234375	0	736974	stimulus_marker	mark_learning	736975	432
1442.53515625	0	738578	stimulus_marker	mark_learning	738579	433
1448.349609375	0	741555	stimulus_marker	mark_learning	741556	434
1451.486328125	0	743161	stimulus_marker	mark_learning	743162	435
1454.123046875	0	744511	stimulus_marker	mark_learning	744512	436
1457.25	0	746112	stimulus_marker	mark_learning	746113	437
1460.39453125	0	747722	stimulus_marker	mark_learning	747723	438
1463.51953125	0	749322	stimulus_marker	mark_learning	749323	439
1472.08984375	0	753710	stimulus_marker	mark_learning	753711	440
1475.22265625	0	755314	stimulus_marker	mark_learning	755315	441
1478.6171875	0	757052	stimulus_marker	mark_learning	757053	442
1481.755859375	0	758659	stimulus_marker	mark_learning	758660	443
1485.4921875	0	760572	stimulus_marker	mark_learning	760573	444
1488.623046875	0	762175	stimulus_marker	mark_learning	762176	445
1491.5	0	763648	stimulus_marker	mark_learning	763649	446
1494.623046875	0	765247	stimulus_marker	mark_learning	765248	447
1497.125	0	766528	stimulus_marker	mark_learning	766529	448
1500.2578125	0	768132	stimulus_marker	mark_learning	768133	449
1504.673828125	0	770393	stimulus_marker	mark_learning	770394	450
1507.80859375	0	771998	stimulus_marker	mark_learning	771999	451
1509.77734375	0	773006	stimulus_marker	mark_learning	773007	452
1512.92578125	0	774618	stimulus_marker	mark_learning	774619	453
1517.396484375	0	776907	stimulus_marker	mark_learning	776908	454
1520.529296875	0	778511	stimulus_marker	mark_learning	778512	455
1522.673828125	0	779609	stimulus_marker	mark_learning	779610	456
1525.810546875	0	781215	stimulus_marker	mark_learning	781216	457
1528.63671875	0	782662	stimulus_marker	mark_learning	782663	458
1531.77734375	0	784270	stimulus_marker	mark_learning	784271	459
1534.314453125	0	785569	stimulus_marker	mark_learning	785570	460
1537.4453125	0	787172	stimulus_marker	mark_learning	787173	461
1540.37890625	0	788674	stimulus_marker	mark_learning	788675	462
1543.51171875	0	790278	stimulus_marker	mark_learning	790279	463
1548.4609375	0	792812	stimulus_marker	mark_learning	792813	464
1551.59765625	0	794418	stimulus_marker	mark_learning	794419	465
1555.06640625	0	796194	stimulus_marker	mark_learning	796195	466
1558.197265625	0	797797	stimulus_marker	mark_learning	797798	467
1560.28125	0	798864	stimulus_marker	mark_learning	798865	468
1563.404296875	0	800463	stimulus_marker	mark_learning	800464	469
1565.18359375	0	801374	stimulus_marker	mark_learning	801375	470
1568.94921875	0	803302	stimulus_marker	mark_learning	803303	471
1574.083984375	0	805931	stimulus_marker	mark_learning	805932	472
1577.234375	0	807544	stimulus_marker	mark_learning	807545	473
1579.443359375	0	808675	stimulus_marker	mark_learning	808676	474
1582.56640625	0	810274	stimulus_marker	mark_learning	810275	475
1584.771484375	0	811403	stimulus_marker	mark_learning	811404	476
1587.900390625	0	813005	stimulus_marker	mark_learning	813006	477
1590.548828125	0	814361	stimulus_marker	mark_learning	814362	478
1593.685546875	0	815967	stimulus_marker	mark_learning	815968	479
1596.064453125	0	817185	stimulus_marker	mark_learning	817186	480
1599.19921875	0	818790	stimulus_marker	mark_learning	818791	481
1601.841796875	0	820143	stimulus_marker	mark_learning	820144	482
1604.96875	0	821744	stimulus_marker	mark_learning	821745	483
1606.892578125	0	822729	stimulus_marker	mark_learning	822730	484
1610.037109375	0	824339	stimulus_marker	mark_learning	824340	485
1613.548828125	0	826137	stimulus_marker	mark_learning	826138	486
1616.6875	0	827744	stimulus_marker	mark_learning	827745	487
1620.92578125	0	829914	stimulus_marker	mark_learning	829915	488
1624.0546875	0	831516	stimulus_marker	mark_learning	831517	489
1626.63671875	0	832838	stimulus_marker	mark_learning	832839	490
1629.771484375	0	834443	stimulus_marker	mark_learning	834444	491
1631.583984375	0	835371	stimulus_marker	mark_learning	835372	492
1634.72265625	0	836978	stimulus_marker	mark_learning	836979	493
1642.173828125	0	840793	stimulus_marker	mark_learning	840794	494
1645.306640625	0	842397	stimulus_marker	mark_learning	842398	495
1648.748046875	0	844159	stimulus_marker	mark_learning	844160	496
1651.875	0	845760	stimulus_marker	mark_learning	845761	497
1654.423828125	0	847065	stimulus_marker	mark_learning	847066	498
1657.55859375	0	848670	stimulus_marker	mark_learning	848671	499
1659.32421875	0	849574	stimulus_marker	mark_learning	849575	500
1662.458984375	0	851179	stimulus_marker	mark_learning	851180	501
1665.07421875	0	852518	stimulus_marker	mark_learning	852519	502
1668.2109375	0	854124	stimulus_marker	mark_learning	854125	503
1670.9140625	0	855508	stimulus_marker	mark_learning	855509	504
1674.04296875	0	857110	stimulus_marker	mark_learning	857111	505
1676.4453125	0	858340	stimulus_marker	mark_learning	858341	506
1679.578125	0	859944	stimulus_marker	mark_learning	859945	507
1681.296875	0	860824	stimulus_marker	mark_learning	860825	508
1684.427734375	0	862427	stimulus_marker	mark_learning	862428	509
1689.931640625	0	865245	stimulus_marker	mark_learning	865246	510
1693.0625	0	866848	stimulus_marker	mark_learning	866849	511
1696.06640625	0	868386	stimulus_marker	mark_learning	868387	512
1699.197265625	0	869989	stimulus_marker	mark_learning	869990	513
1704.212890625	0	872557	stimulus_marker	mark_learning	872558	514
1707.34765625	0	874162	stimulus_marker	mark_learning	874163	515
1711.4140625	0	876244	stimulus_marker	mark_learning	876245	516
1714.548828125	0	877849	stimulus_marker	mark_learning	877850	517
1718.1015625	0	879668	stimulus_marker	mark_learning	879669	518
1721.927734375	0	881627	stimulus_marker	mark_learning	881628	519
1725.865234375	0	883643	stimulus_marker	mark_learning	883644	520
1729.001953125	0	885249	stimulus_marker	mark_learning	885250	521
1731.51953125	0	886538	stimulus_marker	mark_learning	886539	522
1734.65234375	0	888142	stimulus_marker	mark_learning	888143	523
1737.251953125	0	889473	stimulus_marker	mark_learning	889474	524
1740.384765625	0	891077	stimulus_marker	mark_learning	891078	525
1743.71875	0	892784	stimulus_marker	mark_learning	892785	526
1746.8515625	0	894388	stimulus_marker	mark_learning	894389	527
1748.63671875	0	895302	stimulus_marker	mark_learning	895303	528
1751.76953125	0	896906	stimulus_marker	mark_learning	896907	529
1754.240234375	0	898171	stimulus_marker	mark_learning	898172	530
1757.361328125	0	899769	stimulus_marker	mark_learning	899770	531
1760.486328125	0	901369	stimulus_marker	mark_learning	901370	532
1763.62109375	0	902974	stimulus_marker	mark_learning	902975	533
1769.189453125	0	905825	stimulus_marker	mark_learning	905826	534
1772.3203125	0	907428	stimulus_marker	mark_learning	907429	535
1774.32421875	0	908454	stimulus_marker	mark_learning	908455	536
1777.421875	0	910040	stimulus_marker	mark_learning	910041	537
1780.0078125	0	911364	stimulus_marker	mark_learning	911365	538
1783.125	0	912960	stimulus_marker	mark_learning	912961	539
1785.775390625	0	914317	stimulus_marker	mark_learning	914318	540
1788.90625	0	915920	stimulus_marker	mark_learning	915921	541
1790.7578125	0	916868	stimulus_marker	mark_learning	916869	542
1793.890625	0	918472	stimulus_marker	mark_learning	918473	543
1796.32421875	0	919718	stimulus_marker	mark_learning	919719	544
1799.447265625	0	921317	stimulus_marker	mark_learning	921318	545
1802.162109375	0	922707	stimulus_marker	mark_learning	922708	546
1805.294921875	0	924311	stimulus_marker	mark_learning	924312	547
1807.228515625	0	925301	stimulus_marker	mark_learning	925302	548
1810.359375	0	926904	stimulus_marker	mark_learning	926905	549
1812.494140625	0	927997	stimulus_marker	mark_learning	927998	550
1815.625	0	929600	stimulus_marker	mark_learning	929601	551
1817.51171875	0	930566	stimulus_marker	mark_learning	930567	552
1820.642578125	0	932169	stimulus_marker	mark_learning	932170	553
1822.810546875	0	933279	stimulus_marker	mark_learning	933280	554
1825.943359375	0	934883	stimulus_marker	mark_learning	934884	555
1829.59375	0	936752	stimulus_marker	mark_learning	936753	556
1832.728515625	0	938357	stimulus_marker	mark_learning	938358	557
1835.76171875	0	939910	stimulus_marker	mark_learning	939911	558
1838.89453125	0	941514	stimulus_marker	mark_learning	941515	559
1841.296875	0	942744	stimulus_marker	mark_learning	942745	560
1844.4296875	0	944348	stimulus_marker	mark_learning	944349	561
1846.43359375	0	945374	stimulus_marker	mark_learning	945375	562
1850.228515625	0	947317	stimulus_marker	mark_learning	947318	563
1852.1953125	0	948324	stimulus_marker	mark_learning	948325	564
1855.330078125	0	949929	stimulus_marker	mark_learning	949930	565
1857.28125	0	950928	stimulus_marker	mark_learning	950929	566
1860.4140625	0	952532	stimulus_marker	mark_learning	952533	567
1864.51953125	0	954634	stimulus_marker	mark_learning	954635	568
1867.650390625	0	956237	stimulus_marker	mark_learning	956238	569
1869.53125	0	957200	stimulus_marker	mark_learning	957201	570
1872.65625	0	958800	stimulus_marker	mark_learning	958801	571
1874.33203125	0	959658	stimulus_marker	mark_learning	959659	572
1877.466796875	0	961263	stimulus_marker	mark_learning	961264	573
1880.197265625	0	962661	stimulus_marker	mark_learning	962662	574
1883.333984375	0	964267	stimulus_marker	mark_learning	964268	575
1886.1015625	0	965684	stimulus_marker	mark_learning	965685	576
1889.234375	0	967288	stimulus_marker	mark_learning	967289	577
1892.73828125	0	969082	stimulus_marker	mark_learning	969083	578
1895.87109375	0	970686	stimulus_marker	mark_learning	970687	579
1897.771484375	0	971659	stimulus_marker	mark_learning	971660	580
1900.90234375	0	973262	stimulus_marker	mark_learning	973263	581
1905.138671875	0	975431	stimulus_marker	mark_learning	975432	582
1908.26953125	0	977034	stimulus_marker	mark_learning	977035	583
1910.013671875	0	977927	stimulus_marker	mark_learning	977928	584
1913.138671875	0	979527	stimulus_marker	mark_learning	979528	585
1916.0859375	0	981036	stimulus_marker	mark_learning	981037	586
1919.220703125	0	982641	stimulus_marker	mark_learning	982642	587
1922.255859375	0	984195	stimulus_marker	mark_learning	984196	588
1925.994140625	0	986109	stimulus_marker	mark_learning	986110	589
1928.40625	0	987344	stimulus_marker	mark_learning	987345	590
1931.541015625	0	988949	stimulus_marker	mark_learning	988950	591
1934.0390625	0	990228	stimulus_marker	mark_learning	990229	592
1937.173828125	0	991833	stimulus_marker	mark_learning	991834	593
1939.009765625	0	992773	stimulus_marker	mark_learning	992774	594
1942.142578125	0	994377	stimulus_marker	mark_learning	994378	595
1947.9765625	0	997364	stimulus_marker	mark_learning	997365	596
1951.111328125	0	998969	stimulus_marker	mark_learning	998970	597
1952.677734375	0	999771	stimulus_marker	mark_learning	999772	598
1955.826171875	0	1001383	stimulus_marker	mark_learning	1001384	599
1957.8046875	0	1002396	stimulus_marker	mark_learning	1002397	600
1960.9453125	0	1004004	stimulus_marker	mark_learning	1004005	601
1962.759765625	0	1004933	stimulus_marker	mark_learning	1004934	602
1966.96875	0	1007088	stimulus_marker	mark_learning	1007089	603
1968.80859375	0	1008030	stimulus_marker	mark_learning	1008031	604
1971.951171875	0	1009639	stimulus_marker	mark_learning	1009640	605
1973.8125	0	1010592	stimulus_marker	mark_learning	1010593	606
1977.724609375	0	1012595	stimulus_marker	mark_learning	1012596	607
1979.498046875	0	1013503	stimulus_marker	mark_learning	1013504	608
